Dis No,Year,Seq,Glide,Disaster Group,Disaster Subgroup,Disaster Type,Disaster Subtype,Disaster Subsubtype,Event Name,Country,ISO,Region,Continent,Location,Origin,Associated Dis,Associated Dis2,OFDA Response,Appeal,Declaration,Aid Contribution,Dis Mag Value,Dis Mag Scale,Latitude,Longitude,Local Time,River Basin,Start Year,Start Month,Start Day,End Year,End Month,End Day,Total Deaths,No Injured,No Affected,No Homeless,Total Affected,Reconstruction Costs ('000 US$),"Reconstruction Costs, Adjusted ('000 US$)",Insured Damages ('000 US$),"Insured Damages, Adjusted ('000 US$)",Total Damages ('000 US$),"Total Damages, Adjusted ('000 US$)",CPI,Adm Level,Admin1 Code,Admin2 Code,Geo Locations
1997-9239-AGO,1997,9239,,Natural,Climatological,Drought,Drought,,,Angola,AGO,Middle Africa,Africa,,,,,,No,No,,,Km2,,,,,1997,3,,1998,,,,,105000,,105000,,,,,,,59.23786573,,,,
1997-9099-NER,1997,9099,,Natural,Climatological,Drought,Drought,,,Niger (the),NER,Western Africa,Africa,,,Food shortage,Famine,,Yes,No,,,Km2,,,,,1997,4,,1998,,,,,8500,,8500,,,,,,,59.23786573,,,,
1997-9100-MRT,1997,9100,,Natural,Climatological,Drought,Drought,,,Mauritania,MRT,Western Africa,Africa,"Brakna, Tagant, Assaba, Adrar and Inchiri regions",,Crop failure,Famine,Yes,Yes,No,,,Km2,,,,,1997,3,,1998,,,,,21400,,21400,,,,,,,59.23786573,,,,
1997-9091-ETH,1997,9091,,Natural,Climatological,Drought,Drought,,,Ethiopia,ETH,Eastern Africa,Africa,"Borena, Bale (Oromiya state) South Ome zone, Somali state",,,,,No,No,,,Km2,,,,,1997,2,,1997,,,,,986200,,986200,,,,,,,59.23786573,,,,
1997-9043-TCD,1997,9043,,Natural,Climatological,Drought,Drought,,,Chad,TCD,Middle Africa,Africa,,Lack of rainfall,Crop failure,,,No,No,,,Km2,,,,,1997,,,1997,,,,,356000,,356000,,,,,,,59.23786573,,,,
1998-9153-BFA,1998,9153,,Natural,Climatological,Drought,Drought,,,Burkina Faso,BFA,Western Africa,Africa,,,Food shortage,,,No,No,,,Km2,,,,,1998,3,,1998,,,,,20700,,20700,,,,,,,60.15741089,,,,
1999-9388-BDI,1999,9388,,Natural,Climatological,Drought,Drought,,,Burundi,BDI,Eastern Africa,Africa,"Bugabira, Busoni, Kirundo, Ntega districts (Kirundo province), Gihanga district (Bubanza province), Rumonge district (Bururi province), Buganda, Rugombo districts (Cibitoke province), Gitega, Ruyigi, Karuzi, Rutana, Makamba, Muyinga, Cankuzo provinces",,,,,,,,,Km2,,,,,1999,10,,2001,,,6,,650000,,650000,,,,,,,61.47366718,1;2,40546;40548;40549;40552;40554;40557;40558,40596;40605;40610;40638;40639;40642;40643;48356,"Cankuzo, Gitega, Karuzi, Makamba, Muyinga, Rutana, Ruyigi (Adm1). Bugabira, Buganda, Busoni, Gihanga, Kirundo, Ntega, Rugombo, Rumonge (Adm2)."
1998-9346-CPV,1998,9346,,Natural,Climatological,Drought,Drought,,,Cabo Verde,CPV,Western Africa,Africa,"Praia (Santiago Isl.), Fogo Isl., San Vicente, San Nicolau and Sal.",,Food shortage,Famine,,No,No,,,Km2,,,,,1998,3,,1998,,,,,10000,,10000,,,,,,,60.15741089,,,,
1998-9330-GIN,1998,9330,,Natural,Climatological,Drought,Drought,,,Guinea,GIN,Western Africa,Africa,,,Food shortage,,,No,No,,,Km2,,,,,1998,2,,1998,2,,12,,,,,,,,,,,60.15741089,,,,
1998-9237-ETH,1998,9237,,Natural,Climatological,Drought,Drought,,,Ethiopia,ETH,Eastern Africa,Africa,,,,,,No,No,,,Km2,,,,,1998,7,,1998,,,,,,,,,,,,15600,25932,60.15741089,,,,
1998-9620-MOZ,1998,9620,,Natural,Climatological,Drought,Drought,,,Mozambique,MOZ,Eastern Africa,Africa,"Maputo, Gaza, Inhame (south)",,,,,No,No,,,Km2,,,,,1998,4,,1999,,,,,,,,,,,,,,60.15741089,,,,
1998-9028-NAM,1998,9028,,Natural,Climatological,Drought,Drought,,,Namibia,NAM,Southern Africa,Africa,,,,,,No,No,,,Km2,,,,,1998,12,,1999,,,,,25000,,25000,,,,,1000,1662,60.15741089,,,,
1999-9629-MUS,1999,9629,,Natural,Climatological,Drought,Drought,,,Mauritius,MUS,Eastern Africa,Africa,Nationwide,,Water shortage,,,No,No,,,Km2,,,,,1999,1,,1999,4,,,,,,,,,,,175000,284675,61.47366718,,,,
1999-9388-ERI,1999,9388,,Natural,Climatological,Drought,Drought,,,Eritrea,ERI,Eastern Africa,Africa,"Anseba, Debubawi Keih Bahri, Semenawi Keih Bahri provinces",,Food shortage,,,,,,,Km2,,,,,1999,10,,2003,,,,,2300000,,2300000,,,,,,,61.47366718,1,1205;1208;1211,,"Anseba, Debubawi Keih Bahri, Semenawi Keih Bahri (Adm1)."
1999-9388-ETH,1999,9388,,Natural,Climatological,Drought,Drought,,,Ethiopia,ETH,Eastern Africa,Africa,"North Wollo, South Wollo, Oromia, Wag Himra districts (Amhara province), Southern district (Tigray province), Beneshangul Gumu, Gambela, Oromia, SNNPR, Somali provinces",,Food shortage,,Yes,,,,,Km2,,,,,1999,9,,2000,12,,,,4900000,,4900000,,,,,,,61.47366718,1;2,1230;1232;1236;47678;47679,40799;40800;40803;149281;149298,"Beneshangul Gumu, Gambela, Oromia, SNNPR, Somali (Adm1). North Wollo, Oromia, South Wollo, Southern, Wag Himra (Adm2)."
1999-9388-KEN,1999,9388,,Natural,Climatological,Drought,Drought,,,Kenya,KEN,Eastern Africa,Africa,"Nyandarua, Nyeri districts (Central province), Kilifi, Kwale, Lamu, Taita Taveta, Tana River districts (Coast province), Isiolo, Kitui, Machakos, Makueni, Marsabit, Mbeere, Moyale, Mwingi, Tharaka districts (Eastern province), Garissa, Mandera, Wajir districts (North Eastern province), Baringo, Kajiado, Keiyo, Laikipia, Marakwet, Samburu, Trans Mara, Turkana, West Pokot districts (Rift Valley province)",,Food shortage,,,Yes,Yes,6498,,Km2,,,,,1999,12,,2002,,,85,,23000000,,23000000,,,,,,,61.47366718,2,,51337;51338;51340;51341;51342;51345;51346;51348;51349;51350;51351;51352;51353;51357;51358;51359;51361;51363;51364;51377;51380;51381;51384;51385;51389;51390;51392;51394,"Baringo, Garissa, Isiolo, Kajiado, Keiyo, Kilifi, Kitui, Kwale, Laikipia, Lamu, Machakos, Makueni, Mandera, Marakwet, Marsabit, Mbeere, Moyale, Mwingi, Nyandarua, Nyeri, Samburu, Taita Taveta, Tana River, Tharaka, Trans Mara, Turkana, Wajir, West Pokot (Adm2)."
1999-9388-DJI,1999,9388,,Natural,Climatological,Drought,Drought,,,Djibouti,DJI,Eastern Africa,Africa,"Ali Sabieh, Dikhil, Djibouti, Obock, Tadjourah provinces",,,,Yes,,,1556,,Km2,,,,,2001,6,,2001,,,,,100000,,100000,,,,,,,61.47366718,1,1093;1094;1095;1096;1097,,"Ali Sabieh, Dikhil, Djibouti, Obock, Tadjourah (Adm1)."
1999-9212-MAR,1999,9212,,Natural,Climatological,Drought,Drought,,,Morocco,MAR,Northern Africa,Africa,Tiznit,,,,Yes,No,Yes,,,Km2,,,,,1999,6,,2001,,,,,275000,,275000,,,,,900000,1464042,61.47366718,,,,
2000-9309-MDG,2000,9309,,Natural,Climatological,Drought,Drought,,,Madagascar,MDG,Eastern Africa,Africa,"Ambovombe-Androy, Bekily, Beloha, Tsihombe districts (Androy province), Amboasary-Atsimo ditrict (Anosy province), Ampanihy Ouest district (Atsimo Andrefana province), Ambatatondraza, Amparafaravola, Andilamena, district (Alaotra Mangoro province), Vatomandry, Marolambo, Antanambao Manamposty districts (Atsinanana province), Antsirabe I, Antsirable II, Faratsiho, Antanifotsy, Betafo districts (Vakinankaratra province)",,,,,,,420,,Km2,,,,,2000,6,,2000,,,,,231290,,231290,,,,,,,63.54954734,2,,123868;154509;154510;154511;154531;154532;154533;154534;154535;154538;154552;154555;154558;154607;154608;154609;154610,"Ambatondrazaka, Amboasary-Atsimo, Ambovombe-Androy, Ampanihy Ouest, Amparafaravola, Andilamena, Antanambao Manampontsy, Antanifotsy, Antsirabe I, Antsirabe II, Bekily, Beloha, Betafo, Faratsiho, Marolambo, Tsihombe, Vatomandry (Adm2)."
1998-9265-UGA,1998,9265,,Natural,Climatological,Drought,Drought,,,Uganda,UGA,Eastern Africa,Africa,,,,,,No,No,,,Km2,,,,,1998,1,,1999,,,,,126000,,126000,,,,,1600,2660,60.15741089,,,,
1998-9361-ZWE,1998,9361,,Natural,Climatological,Drought,Drought,,,Zimbabwe,ZWE,Eastern Africa,Africa,Southern (Matabeleland),,,,,No,Yes,,,Km2,,,,,1998,11,,1998,,,,,55000,,55000,,,,,,,60.15741089,,,,
1999-9388-SDN,1999,9388,,Natural,Climatological,Drought,Drought,,,Sudan (the),SDN,Northern Africa,Africa,"Northern Darfur, Northern Kordofan, Red Sea provinces",,Food shortage,Water shortage,,,,,,Km2,,,,,2000,1,,2001,,,,,2000000,,2000000,,,,,,,61.47366718,1,2757;40772;68784,,"Northern Darfur, Northern Kordofan, Red Sea (Adm1)."
1999-9388-RWA,1999,9388,,Natural,Climatological,Drought,Drought,,,Rwanda,RWA,Eastern Africa,Africa,"Umutura village (Rubavu district, West/Iburengerazuba province), Kibungo village (Ngoma district, East/Iburasirazuba province), Gitamara village (Muhanga district, South/Amajyepfo province), Butare village (Huye district, South/Amajyepfo province), Gikongoro village (Nyamagabe district, South/Amajyepfo province), Kigali City/Umujyi wa Kigali province",,Food shortage,,,,,,,Km2,,,,,1999,11,,2000,,,,,894545,,894545,,,,,,,61.47366718,1;2,21970,21981;21987;21989;21993;21998,"Kigali City/Umujyi wa Kigali (Adm1). Huye, Muhanga, Ngoma, Nyamagabe, Rubavu (Adm2)."
1999-9388-SOM,1999,9388,,Natural,Climatological,Drought,Drought,,,Somalia,SOM,Eastern Africa,Africa,"Ceel Barde, Rab Dhuure, Tayeeglow, Xudur districts (Bakool province), Garbahaarey, Baardheere districts (Gedo province), Bay, Hiraan provinces",,Food shortage,,,,,,,Km2,,,,,2000,1,,2001,,,21,,1200000,,1200000,,,,,,,61.47366718,1;2,2691;2695,25657;25658;25659;25661;25678;25682,"Bay, Hiraan (Adm1). Baardheere, Ceel Barde, Garbahaarey, Rab Dhuure, Tayeeglow, Xudur (Adm2)."
1999-9388-UGA,1999,9388,,Natural,Climatological,Drought,Drought,,,Uganda,UGA,Eastern Africa,Africa,"Abim, Amudat, Kaabong, Kotido, Moroto, Nakapiripirit, Napak provinces",,Famine,,,,,,,Km2,,,,,1999,8,,2001,,,115,,700000,,700000,,,,,,,61.47366718,1,743;744;765;772;773;775;47074,,"Abim, Amudat, Kaabong, Kotido, Moroto, Nakapiripirit, Napak (Adm1)."
2001-9152-AGO,2001,9152,,Natural,Climatological,Drought,Drought,,,Angola,AGO,Middle Africa,Africa,Cuanza Sul province,,Famine,,,,,,,Km2,,,,,2001,1,,2001,,,58,,,,,,,,,,,65.34555871,1,403,,Cuanza Sul (Adm1).
2001-9044-BFA,2001,9044,,Natural,Climatological,Drought,Drought,,,Burkina Faso,BFA,Western Africa,Africa,Plateau Central province,,,,,,,,,Km2,,,,,2001,4,,2001,,,,,,,,,,,,,,65.34555871,1,40286,,Plateau Central (Adm1).
2001-9409-MRT,2001,9409,,Natural,Climatological,Drought,Drought,,,Mauritania,MRT,Western Africa,Africa,"Assaba, Brakna, Gorgol, Tagant, Nouackchott, Inchiri, Adrar, Hodh el Gharbi, Hodh ech Chargi, Tiris-Zemmour, Dakhlet-Nouadhibou provinces",,Food shortage,,,Yes,,417,,Km2,,,,,2001,4,,2003,,,,,1000000,,1000000,,,,,,,65.34555871,1,2004;2005;2006;2007;2008;2010;2011;2012;2013;2014;2015,,"Adrar, Assaba, Brakna, Dakhlet-Nouadhibou, Gorgol, Hodh Ech Chargi, Hodh El Gharbi, Inchiri, Nouakchott, Tagant, Tiris-Zemmour (Adm1)."
2001-9044-MLI,2001,9044,,Natural,Climatological,Drought,Drought,,,Mali,MLI,Western Africa,Africa,"Bamako, Gao, Kayes, Koulikoro, Mopti, Segou, Sikasso provinces; Dire, Gourma-Rharous, Niafunke districts (Tombouctou province) (South/Sahel region)",,Famine,,,,,,,Km2,,,,,2001,4,,2001,,,,,,,,,,,,,,65.34555871,1;2,1926;1927;1928;1930;1931;1932;1933,19416;19418;19419,"Bamako, Gao, Kayes, Koulikoro, Mopti, Segou, Sikasso (Adm1). Dire, Gourma-Rharous, Niafunke (Adm2)."
2001-9067-CMR,2001,9067,,Natural,Climatological,Drought,Drought,,,Cameroon,CMR,Middle Africa,Africa,Nord province,,,,,,,,,Km2,,,,,2001,1,,2001,,,,,,,,,,,,,,65.34555871,1,820,,Nord (Adm1).
2001-9048-MOZ,2001,9048,,Natural,Climatological,Drought,Drought,,,Mozambique,MOZ,Eastern Africa,Africa,Inhambane province,,,,,,,,,Km2,,,,,2001,1,,2001,,,,,100000,,100000,,,,,,,65.34555871,1,2114,,Inhambane (Adm1).
2001-9122-MOZ,2001,9122,,Natural,Climatological,Drought,Drought,,,Mozambique,MOZ,Eastern Africa,Africa,"Maputo, Gaza, Inhambane, Sofala, Tete, Zambezia provinces",,,,,,,,900,Km2,,,,,2002,3,,2002,,,9,,600000,,600000,,,,,,,65.34555871,1,2113;2114;2120;2121;2122;41373,,"Gaza, Inhambane, Maputo, Sofala, Tete, Zambezia (Adm1)."
2002-9333-LSO,2002,9333,,Natural,Climatological,Drought,Drought,,,Lesotho,LSO,Southern Africa,Africa,"Qacha's Nek, Quthing, Mohale's Hoek provinces",,Famine,Food shortage,,,,,,Km2,,,,,2002,4,,2003,,,,,500000,,500000,,,,,,,66.3819637,1,1808;1810;1811,,"Mohale's Hoek, Qacha's Nek, Quthing (Adm1)."
2002-9398-CPV,2002,9398,,Natural,Climatological,Drought,Drought,,,Cabo Verde,CPV,Western Africa,Africa,"Santiago, Santo Antao Provinces",,Food shortage,,,,,,,Km2,,,,,2002,6,,2002,,,,,30000,,30000,,,,,,,66.3819637,1,848;849,,"Santiago, Santo Antao (Adm1)."
2002-9535-GMB,2002,9535,,Natural,Climatological,Drought,Drought,,,Gambia (the),GMB,Western Africa,Africa,"NO DATA: all country selected: Central River, Kanifing Municipal Council, Lower River, North Bank, Upper River, West Coast provinces",Insufficient rains,Food shortage,,,Yes,,,,Km2,,,,,2002,5,,2002,,,,,,,,,,,,,,66.3819637,1,1285;1287;1288;1289;1290;112869,,"Central River, Kanifing Municipal Council, Lower River, North Bank, Upper River, West Coast (Adm1)."
2002-9707-MDG,2002,9707,,Natural,Climatological,Drought,Drought,,,Madagascar,MDG,Eastern Africa,Africa,"Amoron I Mania, Androy, Anosy, Atsimo Andrefana, Atsimo Atsinanana, Haute Matsiatra, Ihorombe, Menabe, Vatovavy Fitovinany provinces (South regions)",,Famine,,,,,,,Km2,,,,,2002,11,,2004,,,,,600000,,600000,,,,,,,66.3819637,1,41751;41754;41755;41756;41757;41763;41764;41767;41771,,"Amoron I Mania, Androy, Anosy, Atsimo Andrefana, Atsimo Atsinanana, Haute Matsiatra, Ihorombe, Menabe, Vatovavy Fitovinany (Adm1)."
2002-9124-MWI,2002,9124,,Natural,Climatological,Drought,Drought,,,Malawi,MWI,Eastern Africa,Africa,"Balaka, Blantyre, Chikwawa, Machinga, Mangochi, Mulanje, Nsanje, Phalombe, Thyolo, Zomba districts (Southern Region Province)",,Famine,,,Yes,Yes,,,Km2,,,,,2002,2,,2002,,,500,,2829435,,2829435,,,,,,,66.3819637,2,,19321;19322;19325;19328;19329;19330;42174;42175;42176;42177,"Balaka, Blantyre, Chikwawa, Machinga, Mangochi, Mulanje, Nsanje, Phalombe, Thyolo, Zomba (Adm2)."
2002-9332-GNB,2002,9332,,Natural,Climatological,Drought,Drought,,,Guinea-Bissau,GNB,Western Africa,Africa,"All country: Gabu, Bafata (mainly affected provinces in North-eastern), Biombo, Bolama/bijagos, Cacheu, Oio, Quinara, Sector Autonomo De Bissau, Tombali provinces",,,,,,,,,Km2,,,,,2002,5,,2002,5,,,,100000,,100000,,,,,,,66.3819637,1,1385;1386;1387;1388;1389;1390;1391;1392;1393,,"Bafata, Biombo, Bolama/bijagos, Cacheu, Gabu, Oio, Quinara, Sector Autonomo De Bissau, Tombali (Adm1)."
2001-9044-TCD,2001,9044,,Natural,Climatological,Drought,Drought,,,Chad,TCD,Middle Africa,Africa,"Guera, Biltine, Ouaddaï, Assongha, Batha-Est, Batha-ouest provinces",,Food shortage,,Yes,,,,,Km2,,,,,2001,1,,2001,,,,,800000,,800000,,,,,,,65.34555871,1,870;873;12904;12905;12926;12927,,"Assongha, Batha Est, Batha Ouest, Biltine, Guera, Ouaddai (Adm1)."
2001-9044-NER,2001,9044,,Natural,Climatological,Drought,Drought,,,Niger (the),NER,Western Africa,Africa,"Ibanka, Rouafi I, Rouafi II, Chinagamane villages (Filingue district, Tillaberi province), Sabara I (Dogondoutchi district, Dosso province), Sabara II (Niamey province), Ayawa (Ouallam district, Tillaberi province), Kabefo (Tillaberi district, Tillaberi province), Dinkihmi villages (not found).",,Famine,,,,Yes,,,Km2,,,,,2001,4,,2002,,,,,3584558,,3584558,,,,,,,65.34555871,1,2204;2206;2208,,"Dosso, Niamey, Tillaberi (Adm1)."
2001-9854-NAM,2001,9854,,Natural,Climatological,Drought,Drought,,,Namibia,NAM,Southern Africa,Africa,"Otjovanatje, Otjorute, Okapundja, Otjekwa, Okaurukwa locations (Ruacana district, Omusati province)",,,,,,,,,Km2,,,,,2001,1,,2001,,,,,,,,,,,,,,65.34555871,2,,22320,Ruacana (Adm2).
2001-9122-SWZ,2001,9122,,Natural,Climatological,Drought,Drought,,,Eswatini,SWZ,Southern Africa,Africa,"Lomahasha, Lugongolweni, Tikhuba districts (Lubombo province), Madlangampisi, Mhlangatane, Ndzingeni districts (Hhohho province), Dvokodvweni, Hlane, Lubuli, Mhlume, Mpolonjeni, Nkilongo, Siphofaneni, Sithobela districts (Lubombo province), Mafutseni, Mkhiweni districts (Manzini province), Lavumisa, Matsanjeni, Sigwe districts (Shiselweni province), Lobamba, Mayiwane, Ntfonjeni, Timpisini districts (Hhohho province), Kuhanyeni, Kwaluseni, Ludzeludze, Mahlanya, Manzini, Mthongwaneni, Nhlambeni districts (Manzini province), Hosea, Kubuta, Maseyisini, Mbangweni, Mtsambama, Sandleni, Shiselweni 1, Zombodze districts (Shiselweni province)",Poor agro-climaic conditions,,,,,Yes,,,Km2,,,,,2001,,,2004,,,,,970000,,970000,,,,,,,65.34555871,2,,25944;25945;25947;25949;25951;25953;25955;25956;25957;25958;25959;25960;25961;25962;25963;25964;25965;25966;25967;25968;25970;25971;25973;25975;25977;25978;25980;25983;25984;25985;25986;25987;25988;25989;25992;25993;25994;25995,"Dvokodvweni, Hlane, Hosea, Kubuta, Kukhanyeni, Kwaluseni, Lavumisa, Lobamba, Lomahasha, Lubuli, Ludzeludze, Lugongolweni, Madlangampisi, Mafutseni, Mahlanya, Manzini, Maseyisini, Matsanjeni, Mayiwane, Mbangweni, Mhlangatane, Mhlume, Mkhiweni, Mpolonjeni, Mthongwaneni, Mtsambama, Ndzingeni, Nhlambeni, Nkilongo, Ntfonjeni, Sandleni, Shiselweni 1, Sigwe, Siphofaneni, Sithobela, Tikhuba, Timpisini, Zombodze (Adm2)."
2001-9122-ZWE,2001,9122,,Natural,Climatological,Drought,Drought,,,Zimbabwe,ZWE,Eastern Africa,Africa,"Kwekwe, Gokwe South, Zvishavane, Shurugwi, Gweru, Mberengwa, Gokwe North districts (Midlands province), Mvuma city (Chirumhanzu district, Midlands province), Chipinge district (Manicaland province), Gwanda, Umzingwane, Matobo districts (Matabeleland South province), Chiredzi, Chivi, Masvingo districts (Masvingo province), Hwange, Tsholotsho districts (Matabeleland North province), Kariba district (Mashonaland West province), Guruve district (Mashonaland Central province)",,,,,,,,,Km2,,,,,2001,3,,2003,,,,,6000000,,6000000,,,,,,,65.34555871,2,,33055;33078;33082;33083;33085;33093;33097;33099;33100;33101;33103;33104;33105;33106;33107;40750;40751;61705;68808,"Chipinge, Chiredzi, Chirumhanzu, Chivi, Gokwe North, Gokwe South, Guruve, Gwanda, Gweru, Hwange, Kariba, Kwekwe, Masvingo, Matobo, Mberengwa, Shurugwi, Tsholotsho, Umzingwane, Zvishavane (Adm2)."
2002-9852-UGA,2002,9852,,Natural,Climatological,Drought,Drought,,,Uganda,UGA,Eastern Africa,Africa,"Kaabong, Kotido, Abim, Moroto, Nakapiripirit provinces (Karamoja region)",,Food shortage,,,,,,,Km2,,,,,2002,6,,2002,,,79,,655000,,655000,,,,,,,66.3819637,1,743;765;772;773;47074,,"Abim, Kaabong, Kotido, Moroto, Nakapiripirit (Adm1)."
2002-9022-NAM,2002,9022,,Natural,Climatological,Drought,Drought,,,Namibia,NAM,Southern Africa,Africa,"Otjozondjupa, Oshikoto, Oshana, Omusati, Ohangwena, Kunene, Kavango, Caprivi provinces (North)",,,,,,,,,Km2,,,,,2002,7,,2003,,,,,345000,,345000,,,,,,,66.3819637,1,2137;2141;2143;2144;2146;2147;2148;2149,,"Caprivi, Kavango, Kunene, Ohangwena, Omusati, Oshana, Oshikoto, Otjozondjupa (Adm1)."
2002-9487-SEN,2002,9487,,Natural,Climatological,Drought,Drought,,,Senegal,SEN,Western Africa,Africa,"NO DATA: all country was selected: Dakar, Diourbel, Fatick, Kaffrine, Kaolack, Kedougou, Kolda, Louga, Matam, Saint Louis, Sedhiou, Tambacounda, Thies, Ziguinchor provinces",,,,,,,,,Km2,,,,,2002,8,,2002,,,,,284000,,284000,,,,,,,66.3819637,1,1373;1374;1375;1376;1377;1378;2636;2644;2645;47585;47586;47587;47588;47589,,"Dakar, Diourbel, Fatick, Kaffrine, Kaolack, Kedougou, Kolda, Louga, Matam, Saint louis, Sedhiou, Tambacounda, Thies, Ziguinchor (Adm1)."
2003-9651-BDI,2003,9651,,Natural,Climatological,Drought,Drought,,,Burundi,BDI,Eastern Africa,Africa,"Kirundo, Muyinga, Ngozi, Kayanza, Muramvya, Bujumbura Rural, Ruyigi, Gitega, Bubanza, Makamba provinces",,,,,,,,,Km2,,,,,2003,9,,2004,,,,,,,,,,,,,,67.88889569,1,40542;40544;40548;40550;40551;40552;40553;40554;40556;40558,,"Bubanza, Bujumbura Rural, Gitega, Kayanza, Kirundo, Makamba, Muramvya, Muyinga, Ngozi, Ruyigi (Adm1)."
2004-9480-AGO,2004,9480,,Natural,Climatological,Drought,Drought,,,Angola,AGO,Middle Africa,Africa,"Cunene, Cuanza-Sul provinces",,Food shortage,,,,,,,Km2,,,,,2004,9,,2005,,,,,25000,,25000,,,,,,,69.70644216,1,403;404,,"Cuanza Sul, Cunene (Adm1)."
2003-9772-ETH,2003,9772,,Natural,Climatological,Drought,Drought,,,Ethiopia,ETH,Eastern Africa,Africa,"Tigray, Oromia, Amhara, Somali, Afar provinces","Crop failure, lack pasture, poor/erratic long rains",,,,,,,,Km2,,,,,2003,,,2004,,,,,12600000,,12600000,,,,,,,67.88889569,1,1228;1229;1237;47678;47679,,"Afar, Amhara, Oromia, Somali, Tigray (Adm1)."
2004-9288-KEN,2004,9288,,Natural,Climatological,Drought,Drought,,,Kenya,KEN,Eastern Africa,Africa,"Kitui, Mbeere, Mwingi, Marsabit districts (Eastern province), Turkana, Kajiado, Narok districts (Rift Valley province), Mandera, Wajir, Garissa, Ijara districts (North Eastern province), Tana river, Kilifi, Kwale, Taita Taveta, Malindi districts (Coast province), Nyanza, Central provinces",Poor rainfall,Crop failure,Food shortage,,,,,,Km2,,,,,2004,7,,2004,,,80,,2300000,,2300000,,,,,,,69.70644216,1;2,51325;51330,51340;51341;51343;51345;51346;51349;51352;51353;51358;51361;51362;51363;51364;51380;51388;51392,"Central, Nyanza (Adm1). Garissa, Ijara, Kajiado, Kilifi, Kitui, Kwale, Malindi, Mandera, Marsabit, Mbeere, Mwingi, Narok, Taita Taveta, Tana River, Turkana, Wajir (Adm2)."
2003-9035-MOZ,2003,9035,,Natural,Climatological,Drought,Drought,,,Mozambique,MOZ,Eastern Africa,Africa,"Magoe, Zumbu, Cahora Bassa, Changara, Moatize, Chiuta, Mutarara districts (Tete province)",,,,,,,,,Km2,,,,,2003,1,,2003,1,,9,,119500,,119500,,,,,,,67.88889569,2,,21935;21936;21938;21940;21942;21943;21945,"Cahora Bassa, Changara, Chiuta, Magoe, Moatize, Mutarara, Zumbu (Adm2)."
2003-9651-RWA,2003,9651,,Natural,Climatological,Drought,Drought,,,Rwanda,RWA,Eastern Africa,Africa,"Gatsibo, Nyagatare, Bugesera district (East/Iburasirazuba province), Kibungo city (Ngoma district, East/Iburasirazuba province), Gisagara, Huye, Nyanza, Nyamagabe, Nyaruguru, Kamonyi, Muhanga, Ruhango districts (South/Amajyepfo province)",,,,,,,,,Km2,,,,,2003,3,,2007,,,,,1000000,,1000000,,,,,,,67.88889569,2,,21974;21978;21980;21981;21982;21987;21989;21992;21993;21995;21997;21999,"Bugesera, Gatsibo, Gisagara, Huye, Kamonyi, Muhanga, Ngoma, Nyagatare, Nyamagabe, Nyanza, Nyaruguru, Ruhango (Adm2)."
2003-9651-TZA,2003,9651,,Natural,Climatological,Drought,Drought,,,"Tanzania, United Republic of",TZA,Eastern Africa,Africa,"Kaskazini Unguja, Mjini Magharibi, Kusini Unguja, Singida, Dodoma, Shinyanga, Mwanza, Tabora, Kagera, Kigoma provinces",,,,,,,,,Km2,,,,,2003,8,,2004,,,,,1900000,,1900000,,,,,,,67.88889569,1,48359;48362;48372;48377;48379;48380;48382;115004;115006;115009,,"Dodoma, Kagera, Kaskazini Unguja, Kigoma, Kusini Unguja, Mjini Magharibi, Mwanza, Shinyanga, Singida, Tabora (Adm1)."
2004-9085-SOM,2004,9085,,Natural,Climatological,Drought,Drought,,,Somalia,SOM,Eastern Africa,Africa,"Sool, Sanaag, Togdheer, Nugaal, Galgaduud, Hiraan, Mudug, Bari provinces",,Food shortage,,,,,,,Km2,,,,,2004,1,,2004,1,,,,200000,,200000,,,,,,,69.70644216,1,2690;2693;2695;2700;2701;2702;2703;2704,,"Bari, Galgaduud, Hiraan, Mudug, Nugaal, Sanaag, Sool, Togdheer (Adm1)."
2004-9577-TZA,2004,9577,,Natural,Climatological,Drought,Drought,,,"Tanzania, United Republic of",TZA,Eastern Africa,Africa,"Arusha, Kilimanjaro, Manyara, Tanga provinces (Northern Highlands region), Pwani, Dar-es-salaam provinces (Northern Coast region).",,Food shortage,,,,,,,Km2,,,,,2004,10,,2004,,,,,254000,,254000,,,,,,,69.70644216,1,48357;48358;48363;48365;48373;48381,,"Arusha, Dar-es-salaam, Kilimanjaro, Manyara, Pwani, Tanga (Adm1)."
2004-9017-ZAF,2004,9017,,Natural,Climatological,Drought,Drought,,,South Africa,ZAF,Southern Africa,Africa,"KwaZulu-Natal, Eastern Cape, Northern Cape, Mpumalanga, North-West, Free state, Limpopo provinces",,,,,,Yes,,,Km2,,,,,2004,1,,2004,,,,,15000000,,15000000,,,,,,,69.70644216,1,2707;77310;77311;77312;77313;77314;77315,,"Eastern Cape, Free State, KwaZulu-Natal, Limpopo, Mpumalanga, North West, Northern Cape (Adm1)."
2005-9067-BDI,2005,9067,,Natural,Climatological,Drought,Drought,,,Burundi,BDI,Eastern Africa,Africa,"Busoni, Bugabira, Ntega, Kirundo districts (Kirundo province), Ruyigi, Cankuzo, Rutana, Muyinga provinces","Lack of rain, prolonged dry season",Crop failure,Famine,,Yes,Yes,,,Km2,,,,,2005,1,,2006,1,,120,,2150000,,2150000,,,,,,,72.07141045,1;2,40546;40554;40557;40558,40638;40639;40642;40643,"Cankuzo, Muyinga, Rutana, Ruyigi (Adm1). Bugabira, Busoni, Kirundo, Ntega (Adm2)."
2005-9747-ETH,2005,9747,,Natural,Climatological,Drought,Drought,,,Ethiopia,ETH,Eastern Africa,Africa,"Afder, Liben districts (Somali province), Gode zones (Shabelle district, Somali province), Borena district (Oromiya province)",Successive failed rainy seasons,Food shortage,,,,,,,Km2,,,,,2005,11,,2006,,,,,2600000,,2600000,,,,,,,72.07141045,2,,40841;40844;47688;47709,"Afder, Borena, Liben, Shabelle (Adm2)."
2005-9238-CMR,2005,9238,,Natural,Climatological,Drought,Drought,,,Cameroon,CMR,Middle Africa,Africa,Logone-Et-Chari disctrict (Extrème-Nord province),,Famine,,,,,,,Km2,,,,,2005,3,,2005,5,,,,,,,,,,,,,72.07141045,2,,12482,Logone - Et - Chari (Adm2).
2005-9213-DJI,2005,9213,,Natural,Climatological,Drought,Drought,,,Djibouti,DJI,Eastern Africa,Africa,"Tadjourah district (Tadjourah province), Dikhil district (Dikhil province), Ali Sabieh district (Ali Sabieh province), Obock district (Obock province)",Two consecutive failed rainy seasons,Famine,,,,Yes,2800,,Km2,,,,,2005,4,,2006,4,,,,150000,,150000,,,,,,,72.07141045,2,,15272;15274;15278;15282,"Ali Sabieh, Dikhil, Obock, Tadjourah (Adm2)."
2006-9233-GNB,2006,9233,,Natural,Climatological,Drought,Drought,,,Guinea-Bissau,GNB,Western Africa,Africa,"Quinara, Tombali provinces, Bolama/Bijagos Isl.(=province)",,Famine,,,,,,,Km2,,,,,2006,5,,2006,5,,,,32000,,32000,,,,,,,74.39638749,1,1387;1391;1393,,"Bolama/bijagos, Quinara, Tombali (Adm1)."
2005-9637-MDG,2005,9637,,Natural,Climatological,Drought,Drought,,,Madagascar,MDG,Eastern Africa,Africa,Vangaindrano district (Atsimo Atsinanana province),"Locust infestation, repeated floods, pest infestation",Famine,Food shortage,,,,,,Km2,,,,,2005,11,,2006,12,,,,14000,,14000,,,,,,,72.07141045,2,,154550,Vangaindrano (Adm2).
2005-9578-MWI,2005,9578,,Natural,Climatological,Drought,Drought,,,Malawi,MWI,Eastern Africa,Africa,"Southern Region, Central Region provinces",Poor rainfall and indequater supplies of fertlizer,Famine,Food shortage,,,,,,Km2,,,,,2005,10,,2006,3,,,,5100000,,5100000,,,,,,,72.07141045,1,1888;1890,,"Central Region, Southern Region (Adm1)."
2005-9362-NER,2005,9362,,Natural,Climatological,Drought,Drought,,,Niger (the),NER,Western Africa,Africa,"Tillaberi, Tahoua, Diffa, Zinder, Maradi provinces",Drought and locusts infestation,Famine,Food shortage,Yes,,,100588,,Km2,,,,,2005,7,,2006,7,,,,3000000,,3000000,,,,,,,72.07141045,1,2203;2205;2207;2208;2209,,"Diffa, Maradi, Tahoua, Tillaberi, Zinder (Adm1)."
2005-9262-MOZ,2005,9262,,Natural,Climatological,Drought,Drought,,,Mozambique,MOZ,Eastern Africa,Africa,"Maputo, Gaza, Inhambane, Manica, Sofala, Zambezia, Tete provinces",Poor and erratic rainfall,Crop failure,Food shortage,,,,,,Km2,,,,,2005,5,,2006,,,,,1400000,,1400000,,,,,,,72.07141045,1,2113;2114;2115;2120;2121;2122;41373,,"Gaza, Inhambane, Manica, Maputo, Sofala, Tete, Zambezia (Adm1)."
2005-9142-MLI,2005,9142,,Natural,Climatological,Drought,Drought,,,Mali,MLI,Western Africa,Africa,"Mopti, Kayes, Tombouctou, Gao provinces",,Food shortage,,,,,,,Km2,,,,,2005,,,2006,,,,,1000000,,1000000,,,,,,,72.07141045,1,1927;1928;1931;1934,,"Gao, Kayes, Mopti, Tombouctou (Adm1)."
2005-9722-SOM,2005,9722,,Natural,Climatological,Drought,Drought,,,Somalia,SOM,Eastern Africa,Africa,"Gedo, Bakool, Bay, Hiraan, Juba Hoose, Juba Dhexe provinces",,Food shortage,,,,,,,Km2,,,,,2005,,,2005,,,2,,,,,,,,,,,72.07141045,1,2689;2691;2694;2695;2696;2698,,"Bakool, Bay, Gedo, Hiraan, Juba Dhexe, Juba Hoose (Adm1)."
2005-9719-KEN,2005,9719,,Natural,Climatological,Drought,Drought,,,Kenya,KEN,Eastern Africa,Africa,"Makueni, Kitui, Marsabit, Isiolo, Mwingi, Kitui, Moyale districts (Eastern province), Malindi, Kwale, Kilifi, Taita Taveta, Tana river districts (Coast province), Mandera, Wajir, Garissa, Ijara districts (North Eastern province), Kajiado, Turkana, Samburu, Laikipia districts (Rift Valley province).",Lack of rains,Famine,,,Yes,Yes,,,Km2,,,,,2005,12,,2006,,,27,,3500000,,3500000,,,,,,,72.07141045,2,,51340;51341;51343;51345;51346;51348;51349;51351;51352;51357;51358;51361;51362;51363;51364;51380;51384;51389;51392,"Garissa, Ijara, Isiolo, Kajiado, Kilifi, Kitui, Kwale, Laikipia, Makueni, Malindi, Mandera, Marsabit, Moyale, Mwingi, Samburu, Taita Taveta, Tana River, Turkana, Wajir (Adm2)."
2005-9163-UGA,2005,9163,,Natural,Climatological,Drought,Drought,,,Uganda,UGA,Eastern Africa,Africa,"Rupa, Nadunget subcounties (Moroto province); Nyakwae subcounty (Abim province); Kalapata city (Dodoth district, Kaabong province) (Karamoja region)",,,,,,,,,Km2,,,,,2005,3,,2006,3,,,,600000,,600000,,,,,,,72.07141045,1;2,743;765;772,28453,"Abim, Kotido, Moroto (Adm1). Dodoth (Adm2)."
2006-9756-TZA,2006,9756,,Natural,Climatological,Drought,Drought,,,"Tanzania, United Republic of",TZA,Eastern Africa,Africa,"Arusha, Manyara, Kilimanjaro provinces",,,Food shortage,,,,,,Km2,,,,,2006,,,2006,,,,,3700000,,3700000,,,,,,,74.39638749,1,48357;48363;48365,,"Arusha, Kilimanjaro, Manyara (Adm1)."
2006-9425-MLI,2006,9425,,Natural,Climatological,Drought,Drought,,,Mali,MLI,Western Africa,Africa,Kidal province,Scarcity of rain,Famine,,,Yes,,,,Km2,,,,,2006,8,,2006,9,,,,25000,,25000,,,,,,,74.39638749,1,1929,,Kidal (Adm1).
2005-9403-ZMB,2005,9403,,Natural,Climatological,Drought,Drought,,,Zambia,ZMB,Eastern Africa,Africa,"Southern, Western provinces",,Food shortage,,,,,,,Km2,,,,,2005,6,,2005,11,,,,1200000,,1200000,,,,,,,72.07141045,1,3433;3434,,"Southern, Western (Adm1)."
2007-9676-DJI,2007,9676,,Natural,Climatological,Drought,Drought,,,Djibouti,DJI,Eastern Africa,Africa,NO DATA: all country selected,,,,,,,,,Km2,,,,,2007,1,,2007,1,,,,42750,,42750,,,,,,,76.5186792,1,1093;1094;1095;1096;1097,,"Ali Sabieh, Dikhil, Djibouti, Obock, Tadjourah (Adm1)."
2008-9200-ETH,2008,9200,DR-2008-000043,Natural,Climatological,Drought,Drought,,,Ethiopia,ETH,Eastern Africa,Africa,"Oromia, Somali, Amhara, Afar, Tigray, SNNPR provinces","Heavy drought, weak reany season, loss of animals, food shortages and increase of prices",Famine,Food shortage,,,,,,Km2,,,,,2008,5,,2009,10,,,,6400000,,6400000,,,,,,,79.4563044,1,1228;1229;1236;1237;47678;47679,,"Afar, Amhara, Oromia, SNNPR, Somali, Tigray (Adm1)."
2008-9640-BDI,2008,9640,,Natural,Climatological,Drought,Drought,,,Burundi,BDI,Eastern Africa,Africa,"Kirundo, Ngozi, Muyinga, Cankuzo, Karuzi, Ruyigi provinces",,Food shortage,,,,,,,Km2,,,,,2008,9,,2009,1,,,,82500,,82500,,,,,,,79.4563044,1,40546;40549;40551;40554;40556;40558,,"Cankuzo, Karuzi, Kirundo, Muyinga, Ngozi, Ruyigi (Adm1)."
2008-9303-DJI,2008,9303,OT-2008-000043,Natural,Climatological,Drought,Drought,,,Djibouti,DJI,Eastern Africa,Africa,"Djibouti, Arta cities (Djibouti district, Djibouti province), Ali Sabieh district (Ali Sabieh province), Obock district (Obock province), Tadjourah district (Tadjourah province), Dikhil district (Dikhil province)",Delayed and below-normal rains,Food shortage,,Yes,,,,,Km2,,,,,2008,7,,2009,,,,,340000,,340000,,,,,,,79.4563044,2,,15272;15274;15276;15278;15282,"Ali Sabieh, Dikhil, Djibouti, Obock, Tadjourah (Adm2)."
2008-9200-ERI,2008,9200,DR-2008-000043,Natural,Climatological,Drought,Drought,,,Eritrea,ERI,Eastern Africa,Africa,"Achipelagos, Semenawi Keih Bahri provinces (Northern Red Sea Region), Debubawi Keih Bahri province (Southern Red Sea Region), Anseba, Debub provinces",,,,,,,,,Km2,,,,,2008,10,,2008,10,,,,1700000,,1700000,,,,,,,79.4563044,1,1205;1206;1207;1208;1211,,"Anseba, Archipelagos, Debub, Debubawi Keih Bahri, Semenawi Keih Bahri (Adm1)."
2007-9494-LSO,2007,9494,,Natural,Climatological,Drought,Drought,,,Lesotho,LSO,Southern Africa,Africa,"Maseru, Mafeteng, Leribe, Butha Buthe, Berea, Mohale's Hoek, Quthing provinces (Lowlands region)",,Food shortage,,Yes,Yes,,,,Km2,,,,,2007,7,,2008,,,,,475000,,475000,,,,,,,76.5186792,1,1803;1804;1805;1806;1807;1808;1811,,"Berea, Butha Buthe, Leribe, Mafeteng, Maseru, Mohale's Hoek, Quthing (Adm1)."
2007-9343-MOZ,2007,9343,,Natural,Climatological,Drought,Drought,,,Mozambique,MOZ,Eastern Africa,Africa,"Gaza, Inhambane, Manica, Sofala, Maputo provinces (Centre and south of the country)","Drought, cyclone et inondations",Food shortage,,,,,,,Km2,,,,,2007,8,,2007,8,,,,520000,,520000,,,,,,,76.5186792,1,2113;2114;2115;2120;41373,,"Gaza, Inhambane, Manica, Maputo, Sofala (Adm1)."
2007-9288-SWZ,2007,9288,,Natural,Climatological,Drought,Drought,,,Eswatini,SWZ,Southern Africa,Africa,"Hhohho, Lubombo, Manzini, Shiselweni provinces",,Famine,,,,Yes,15000,,Km2,,,,,2007,7,,2007,,,,,410000,,410000,,,,,,,76.5186792,1,2782;2783;2784;2785,,"Hhohho, Lubombo, Manzini, Shiselweni (Adm1)."
2007-9499-MWI,2007,9499,,Natural,Climatological,Drought,Drought,,,Malawi,MWI,Eastern Africa,Africa,"Karonga, Mzimba districts (Northern Region province), Ntchisi district (Central Region province), Mulanje district (Southern Region province)",,,,,,,,,Km2,,,,,2007,10,,2007,,,,,520000,,520000,,,,,,,76.5186792,2,,19314;19317;19318;42176,"Karonga, Mulanje, Mzimba, Ntchisi (Adm2)."
2008-9644-MDG,2008,9644,,Natural,Climatological,Drought,Drought,,,Madagascar,MDG,Eastern Africa,Africa,"Atsimo Andrefana, Androy, Anosy provinces",,Food shortage,,,,,,,Km2,,,,,2008,,,2011,,,,,720000,,720000,,,,,,,79.4563044,1,41754;41755;41756,,"Androy, Anosy, Atsimo Andrefana (Adm1)."
2008-9590-MOZ,2008,9590,,Natural,Climatological,Drought,Drought,,,Mozambique,MOZ,Eastern Africa,Africa,"Maputo, Gaza, Inhambane, Manica, Sofala, Tete provinces",Lack of rains and increase of food prices,Food shortage,,Yes,,,,,Km2,,,,,2008,12,,2009,,,,,500000,,500000,,,,,,,79.4563044,1,2113;2114;2115;2120;2121;41373,,"Gaza, Inhambane, Manica, Maputo, Sofala, Tete (Adm1)."
2008-9468-SOM,2008,9468,,Natural,Climatological,Drought,Drought,,,Somalia,SOM,Eastern Africa,Africa,"Matabaan city, Belet Weyne district (Hiraan province)",,Food shortage,,,,,,,Km2,,,,,2008,1,,2009,4,,,,3300000,,3300000,,,,,,,79.4563044,2,,25684,Belet Weyne (Adm2).
2008-9307-UGA,2008,9307,OT-2008-000164,Natural,Climatological,Drought,Drought,,,Uganda,UGA,Eastern Africa,Africa,"Nakapiripit, Kodito, Abim provinces (Karamoja region, North-East)",Lack of rains,Food shortage,,Yes,,,,,Km2,,,,,2008,7,,2009,10,,,,1100000,,1100000,,,,,,,79.4563044,1,743;765;773,,"Abim, Kotido, Nakapiripirit (Adm1)."
2008-9302-KEN,2008,9302,OT-2008-000098,Natural,Climatological,Drought,Drought,,,Kenya,KEN,Eastern Africa,Africa,"Sacho, Marigat, Mukutani, Tenges, Kolowa, Tangulbei, Nginyang cities/towns (Baringo district, Rift Valley province), Samburu district (Rift valley province), Turkana, West Pokot, Administrative Unit Not Available districts (North Rift Valley province), Central, Eastern, North Eastern, Coast provinces",Poor November rain,,,Yes,,,,,Km2,,,,,2008,7,,2009,,,4,,3800000,,3800000,,,,,,,79.4563044,1;2,51325;51326;51327;51329,51377;51389;51392;51394;61001,"Central, Coast, Eastern, North Eastern (Adm1). Administrative unit not available, Baringo, Samburu, Turkana, West Pokot (Adm2)."
2007-9675-ZWE,2007,9675,JT-2008-000097,Natural,Climatological,Drought,Drought,,,Zimbabwe,ZWE,Eastern Africa,Africa,"Masvingo, Matabeleland North, Matabeleland South, Midlands, Manicaland, Mashonaland Central, Mashonaland East, Mashonaland West provinces",,Food shortage,,,,,,,Km2,,,,,2007,1,,2009,6,,,,2100000,,2100000,,,,,,,76.5186792,1,3437;3438;3440;3441;3443;3444;69549;69550,,"Manicaland, Mashonaland Central, Mashonaland East, Mashonaland West, Masvingo, Matabeleland North, Matabeleland South, Midlands (Adm1)."
2009-9634-BDI,2009,9634,,Natural,Climatological,Drought,Drought,,,Burundi,BDI,Eastern Africa,Africa,"Kirundo, Bugabira, Busoni districts (Kirundo province)",Failed rains,Food shortage,,,,,,,Km2,,,,,2009,12,,2010,2,,,,180000,,180000,,,,,,,79.17380276,2,,40638;40639;40642,"Bugabira, Busoni, Kirundo (Adm2)."
2009-9615-ETH,2009,9615,OT-2010-000016,Natural,Climatological,Drought,Drought,,,Ethiopia,ETH,Eastern Africa,Africa,"Somali, Oromia, Afar, Tigray, Amhara, SNNP, Gambela provinces",Poor rainfall,Food shortage,,,,,,,Km2,,,,,2009,1,,2010,8,,,,6200000,,6200000,,,,,,,79.17380276,1,1228;1229;1232;1236;1237;47678;47679,,"Afar, Amhara, Gambela, Oromia, SNNPR, Somali, Tigray (Adm1)."
2010-9082-BDI,2010,9082,DR-2011-000029,Natural,Climatological,Drought,Drought,,,Burundi,BDI,Eastern Africa,Africa,"Kayanza, Ngozi provinces (North region), Cankuzo, Kirundo, Muyinga provinces (North-Eastern region), Bururi, Makamba, Rutana provinces (Southern region)",Rainfall deficit in October December 2010,,,,,,,,Km2,,,,,2011,,,2011,,,,,,,,,,,,,,80.47228515,1,40545;40546;40550;40551;40552;40554;40556;40557,,"Bururi, Cankuzo, Kayanza, Kirundo, Makamba, Muyinga, Ngozi, Rutana (Adm1)."
2010-9082-DJI,2010,9082,DR-2011-000029,Natural,Climatological,Drought,Drought,,,Djibouti,DJI,Eastern Africa,Africa,"Ali Sabieh district (Ali Sabieh province), Dikhil, Yoboki districts (Dikhil province), Alaili Dadda, Obock districts (Obock province), Balha, Dorra districts (Tadjourah province)",,,,,,,,,Km2,,,,,2010,11,,2011,7,,,,200258,,200258,,,,,,,80.47228515,2,,15272;15274;15275;15277;15278;15279;15280,"Alaili Dadda, Ali Sabieh, Balha, Dikhil, Dorra, Obock, Yoboki (Adm2)."
2010-9082-ETH,2010,9082,DR-2011-000029,Natural,Climatological,Drought,Drought,,,Ethiopia,ETH,Eastern Africa,Africa,"Somali, Oromia, Afar, Tigray, Amhara provinces",La Nina,,,Yes,,,,,Km2,,,,,2011,1,,2012,1,,,,4805679,,4805679,,,,,,,80.47228515,1,1228;1229;1237;47678;47679,,"Afar, Amhara, Oromia, Somali, Tigray (Adm1)."
2009-9651-NER,2009,9651,OT-2010-000028,Natural,Climatological,Drought,Drought,,,Niger (the),NER,Western Africa,Africa,"Agadez, Diffa, Dosso, Maradi, Tahoua, Tillaberi, Zinder, Niamey provinces",Irregular rain,Food shortage,,Yes,,,,,Km2,,,,,2009,9,,2010,3,,,,7900000,,7900000,,,,,,,79.17380276,1,2202;2203;2204;2205;2206;2207;2208;2209,,"Agadez, Diffa, Dosso, Maradi, Niamey, Tahoua, Tillaberi, Zinder (Adm1)."
2009-9654-TCD,2009,9654,OT-2010-000056,Natural,Climatological,Drought,Drought,,,Chad,TCD,Middle Africa,Africa,"Kanem, Barl El Gazal, Lac, Batha Est, Batha Ouest, Guera, Sila, Salamat, Ouaddai, Hadjer Lamis provinces","Poor, irregular, dispersed and eraly cessation of rainfall",Food shortage,,Yes,,,,,Km2,,,,,2009,12,,2010,7,,,,2400000,,2400000,,,,,,,79.17380276,1,873;875;881;12904;12905;12912;12914;12915;12927;12928,,"Barl El Gazal, Batha Est, Batha Ouest, Guera, Hadjer Lamis, Kanem, Lac, Ouaddai, Salamat, Sila (Adm1)."
2010-9290-MOZ,2010,9290,,Natural,Climatological,Drought,Drought,,,Mozambique,MOZ,Eastern Africa,Africa,"Maputo, Inhambane, Gaza provinces (South)",,Food shortage,,,,,,,Km2,,,,,2010,3,,2010,,,,,460000,,460000,,,,,,,80.47228515,1,2113;2114;41373,,"Gaza, Inhambane, Maputo (Adm1)."
2010-9292-MRT,2010,9292,,Natural,Climatological,Drought,Drought,,,Mauritania,MRT,Western Africa,Africa,"Assaba, Brakna, Gorgol, Guidimakha, Hodh Ech Gharbi, Nouakchott, Tagant, Trarza provinces; Amourj, Bassikounou, Djigueni, Nema, Timbedra districts (Hodh Ech Chargi province) (Southern Mauritania/Sahel region)",Seasonal rain above the average in 2010 and 2011,Food shortage,,,Yes,,,,Km2,,,,,2010,,,2011,,,,,838000,,838000,,,,,,,80.47228515,1;2,2005;2006;2008;2009;2011;2013;2014;2016,19511;19512;19513;19514;19516,"Assaba, Brakna, Gorgol, Guidimakha, Hodh El Gharbi, Nouakchott, Tagant, Trarza (Adm1). Amourj, Bassikounou, Djigueni, Nema, Timbedra (Adm2)."
2010-9082-KEN,2010,9082,DR-2011-000029,Natural,Climatological,Drought,Drought,,,Kenya,KEN,Eastern Africa,Africa,"Marsabit, Isiolo, Moyale districts (Eastern province); Mandera, Wajir, Ijara, Garissa (North Eastern province); West Pokot, Turkana, Samburu district (Rift Valley Province); Tana River, Lamu, Kwale (Coast province)",La Nina,Famine,,Yes,,,,,Km2,,,,,2011,1,,2011,1,,,,4300000,,4300000,,,,,,,80.47228515,2,,51341;51342;51346;51348;51352;51357;51361;51362;51363;51364;51389;51392;51394,"Garissa, Ijara, Isiolo, Kwale, Lamu, Mandera, Marsabit, Moyale, Samburu, Tana River, Turkana, Wajir, West Pokot (Adm2)."
2010-9082-SOM,2010,9082,DR-2011-000029,Natural,Climatological,Drought,Drought,,,Somalia,SOM,Eastern Africa,Africa,"Bakool, Shabelle Hoose, Shabelle Dhexe, Bay, Galgaduud, Gedo, Hiraan, Juba Dhexe, Juba Hoose, Mudug, Sanaag, Sool, Togdheer, Woqooyi Galbeed, Awdal, Bari, Nugaal province",Failure of Gu and Deyr rain y seasons in 2009,Famine,,,Yes,Yes,,,Km2,,,,,2010,2,,2011,11,,20000,,4000000,,4000000,,,,,,,80.47228515,1,2688;2689;2690;2691;2693;2694;2695;2696;2697;2698;2699;2700;2701;2702;2703;2704;2705,,"Awdal, Bakool, Bari, Bay, Galgaduud, Gedo, Hiraan, Juba Dhexe, Juba Hoose, Mudug, Nugaal, Sanaag, Shabelle Dhexe, Shabelle Hoose, Sool, Togdheer, Woqooyi Galbeed (Adm1)."
2010-9249-MLI,2010,9249,,Natural,Climatological,Drought,Drought,,,Mali,MLI,Western Africa,Africa,"Kayes, Tombouctou, Kidal, Gao provinces",,,,,,,,,Km2,,,,,2010,6,,2010,,,,,600000,,600000,,,,,,,80.47228515,1,1927;1928;1929;1934,,"Gao, Kayes, Kidal, Tombouctou (Adm1)."
2010-9082-UGA,2010,9082,DR-2011-000029,Natural,Climatological,Drought,Drought,,,Uganda,UGA,Eastern Africa,Africa,"Kaabong, Kotido, Abim, Moroto, Nakapiripirit provinces (Karamoja region)",,,,,,,,,Km2,,,,,2011,3,,2011,,,,,669000,,669000,,,,,,,80.47228515,1,743;765;772;773;47074,,"Abim, Kaabong, Kotido, Moroto, Nakapiripirit (Adm1)."
2009-9633-SSD,2009,9633,,Natural,Climatological,Drought,Drought,,,South Sudan,SSD,Northern Africa,Africa,"Unity, Northern Bahr Ghazal, Jonglei, Upper Nile, Eastern Equatoria, Warab provinces","Bad distibution of rain, conflict and bad recolt",Food shortage,,,,,,,Km2,,,,,2009,,,2010,,,,,4300000,,4300000,,,,,,,79.17380276,1,2747;2750;2751;2754;2765;37021,,"Eastern Equatoria, Jonglei, Northern Bahr El Ghazal, Unity, Upper Nile, Warab (Adm1)."
2010-9181-ZWE,2010,9181,,Natural,Climatological,Drought,Drought,,,Zimbabwe,ZWE,Eastern Africa,Africa,"Manicaland, Mashonaland Central, Mashonaland East, Mashonaland West, Masvingo, Matabeleland North, Matabeleland South, Midlands provinces",,Food shortage,,,,,,,Km2,,,,,2010,5,,2013,,,,,1667618,,1667618,,,,,,,80.47228515,1,3437;3438;3440;3441;3443;3444;69549;69550,,"Manicaland, Mashonaland Central, Mashonaland East, Mashonaland West, Masvingo, Matabeleland North, Matabeleland South, Midlands (Adm1)."
2011-9524-BFA,2011,9524,,Natural,Climatological,Drought,Drought,,,Burkina Faso,BFA,Western Africa,Africa,"Sahel, Centre-nord, Est, Centre-ouest and Centre-est provinces",,Food shortage,,,Yes,,,,Km2,,,,,2011,12,,2012,,,,,2850000,,2850000,,,,,,,83.01267439,1,40279;40280;40281;40283;40287,,"Centre-est, Centre-nord, Centre-ouest, Est, Sahel (Adm1)."
2011-9663-ETH,2011,9663,OT-2012-000049,Natural,Climatological,Drought,Drought,,,Ethiopia,ETH,Eastern Africa,Africa,"Dire Dawa, Gambela, Hareri, Oromia, SNNPR, Somali, Addis Ababa provinces (Southern Ethiopia)","Consecutive seasons of poor rainfall, rapid population growth, sustained high food prices, endemic poverty",Food shortage,,,,,,,Km2,,,,,2012,,,2012,,,,,1000000,,1000000,,,,,,,83.01267439,1,1227;1231;1232;1233;1236;47678;47679,,"Addis Ababa, Dire Dawa, Gambela, Hareri, Oromia, SNNPR, Somali (Adm1)."
2012-9245-GMB,2012,9245,OT-2012-000046,Natural,Climatological,Drought,Drought,,,Gambia (the),GMB,Western Africa,Africa,"NO DATA: all country selected - North Bank, Lower River (mainly?), Upper River, West Coast, Kanifing Municipal Council, Central River provinces","Late, erratic and unevenly distributed rainbfall during 2011/2012",Crop failure,Food shortage,Yes,,Yes,,,Km2,,,,,2012,3,,2012,,,,,428000,,428000,,,,,,,84.7304789,1,1285;1287;1288;1289;1290;112869,,"Central River, Kanifing Municipal Council, Lower River, North Bank, Upper River, West Coast (Adm1)."
2012-9065-AGO,2012,9065,DR-2012-000092,Natural,Climatological,Drought,Drought,,,Angola,AGO,Middle Africa,Africa,"Bengo, Cuanza Sul, Benguela, Huila, Namibe, Cunene, Moxico, Bie, Huambo, Zaire, Kuando Kubango provinces",Lack of rain,Food shortage,,Yes,,,,,Km2,,,,,2012,3,,2013,5,,,,1833900,,1833900,,,,,,,84.7304789,1,398;399;400;403;404;405;406;412;413;415,,"Bengo, Benguela, Bie, Cuanza Sul, Cunene, Huambo, Huila, Moxico, Namibe, Zaire (Adm1)."
2012-9628-CMR,2012,9628,,Natural,Climatological,Drought,Drought,,,Cameroon,CMR,Middle Africa,Africa,"Nord, Extrème-Nord provinces (Northern regions)",,,,Yes,,,,,Km2,,,,,2012,6,,2012,1,,,,12000,,12000,,,,,,,84.7304789,1,818;820,,"Extrème - Nord, Nord (Adm1)."
2011-9663-KEN,2011,9663,OT-2012-000049,Natural,Climatological,Drought,Drought,,,Kenya,KEN,Eastern Africa,Africa,"Wajir, Mandera districts (North Eastern province), Turkana district (Rift Valley province), Tana river district (Coast province), Moyale, Marsabit, Mwingi districts (Eastern province)",,Food shortage,,Yes,,,,,Km2,,,,,2011,,,2012,,,,,3750000,,3750000,,,,,,,83.01267439,2,,51346;51352;51357;51358;51363;51364;51392,"Mandera, Marsabit, Moyale, Mwingi, Tana River, Turkana, Wajir (Adm2)."
2011-9629-LSO,2011,9629,OT-2012-000155,Natural,Climatological,Drought,Drought,,,Lesotho,LSO,Southern Africa,Africa,"Quthing, Mohale's Hoek, Mafeteng, Maseru, Berea, Leribe, Butha Buthe, Mokhotlong, Thaba-Tseka provinces",Polonged periods of drought follwoed by excessive rains,Food shortage,,,,,,,Km2,,,,,2011,12,,2012,10,,,,725515,,725515,,,,,,,83.01267439,1,1803;1804;1805;1806;1807;1808;1809;1811;1812,,"Berea, Butha Buthe, Leribe, Mafeteng, Maseru, Mohale's Hoek, Mokhotlong, Quthing, Thaba Tseka (Adm1)."
2011-9661-MLI,2011,9661,OT-2011-000205,Natural,Climatological,Drought,Drought,,,Mali,MLI,Western Africa,Africa,"Kayes, Koulikoro, Mopti, Segou provinces",Insufficient rainfall,Food shortage,,Yes,,,,,Km2,,,,,2011,,,2012,,,,,3500000,,3500000,,,,,,,83.01267439,1,1928;1930;1931;1932,,"Kayes, Koulikoro, Mopti, Segou (Adm1)."
2011-9662-MRT,2011,9662,OT-2011-000205,Natural,Climatological,Drought,Drought,,,Mauritania,MRT,Western Africa,Africa,"Hodh El Chargi, Assaba, Brakna, Gorgol, Hodh El Gharbi, Guidimakha provinces",Lack of rains,Food shortage,,Yes,,Yes,,,Km2,,,,,2011,,,2012,,,,,723000,,723000,,,,,,,83.01267439,1,2005;2006;2008;2009;2010;2011,,"Assaba, Brakna, Gorgol, Guidimakha, Hodh Ech Chargi, Hodh El Gharbi (Adm1)."
2011-9529-NER,2011,9529,,Natural,Climatological,Drought,Drought,,,Niger (the),NER,Western Africa,Africa,"Diffa, N'Guigmi districts (Diffa province); Dogondoutchi, Loga districts (Dosso province); Aguie, Guidan Roumji, Madarounfa, Mayahi districts (Maradi province); Bouza, Illela, Birni N'konni, Madaoua districts (Tahoua province); Filingue, Ouallam, Tera, Tillaberi (Tillaberi); Goure, Matamey, Tanout (Zinder)","Dry spells and pests, bad harvests 2010/2011",Food shortage,,Yes,,,,,Km2,,,,,2011,,,2012,,,,,3000000,,3000000,,,,,,,83.01267439,2,,22554;22556;22558;22561;22562;22564;22565;22566;22571;22572;22573;22575;22578;22580;22582;22583;22584;22586;22588,"Aguie, Birni N'konni, Bouza, Diffa, Dogondoutchi, Filingue, Goure, Guidan Roumji, Illela, Loga, Madaoua, Madarounfa, Matamey, Mayahi, N'guigmi, Ouallam, Tanout, Tera, Tillaberi (Adm2)."
2011-9663-SDN,2011,9663,OT-2012-000049,Natural,Climatological,Drought,Drought,,,Sudan (the),SDN,Northern Africa,Africa,Abyei district (Southern Kordofan province),,Food shortage,,,,,,,Km2,,,,,2012,,,2012,,,,,3200000,,3200000,,,,,,,83.01267439,2,,4151,Abyei (Adm2).
2011-9560-SEN,2011,9560,OT-2011-000193,Natural,Climatological,Drought,Drought,,,Senegal,SEN,Western Africa,Africa,"Kaffrine, Kedougou, Tambacounda, Saint-Louis, Matam, Diourbel, Kolda, Kaolack, Fatick provinces, Louga, Linguere districts (Louga province)",Poor rainy season,Food shortage,,Yes,,,,,Km2,,,,,2011,12,,2013,,,,,850000,,850000,,,,,,,83.01267439,1;2,1373;1374;1375;1377;1378;47585;47586;47588;47589,25336;47594,"Diourbel, Fatick, Kaffrine, Kaolack, Kedougou, Kolda, Matam, Saint louis, Tambacounda (Adm1). Linguere, Louga (Adm2)."
2011-9663-SOM,2011,9663,OT-2012-000049,Natural,Climatological,Drought,Drought,,,Somalia,SOM,Eastern Africa,Africa,"Bakool, Gedo, Juba, Hiraan provinces",,Food shortage,,,,,,,Km2,,,,,2012,,,2012,,,,,3000000,,3000000,,,,,,,83.01267439,1,2689;2694;2695;2696;2698,,"Bakool, Gedo, Hiraan, Juba Dhexe, Juba Hoose (Adm1)."
2011-9415-TZA,2011,9415,DR-2011-000145,Natural,Climatological,Drought,Drought,,,"Tanzania, United Republic of",TZA,Eastern Africa,Africa,"Ngorongoro district (Arusha province), Simanjiro district (Manyara province), Same, Rombo, Mwanga districts (Kilimanjaro province)",,Food shortage,,,,,,,Km2,,,,,2011,8,,2012,,,,,1000000,,1000000,,,,,,,83.01267439,2,,48417;48418;48429;190510;190511,"Mwanga, Ngorongoro, Rombo, Same, Simanjiro (Adm2)."
2012-9304-MWI,2012,9304,OT-2012-000156,Natural,Climatological,Drought,Drought,,,Malawi,MWI,Eastern Africa,Africa,"Balaka, Blantyre, Chikwawa, Machinga, Mangochi, Mulanje, Mwanza, Neno, Nsanje, Phalombe, Thyolo, Zomba districts (Southern Region Province), Dedza, Ntcheu, Salima districts (Central Region Province)","Lenthly dry spells overt past 3 years, current high food prices and recent devaluation of the currency",Food shortage,,Yes,,,,,Km2,,,,,2012,8,,2013,,,,,1900000,,1900000,,,,,,,84.7304789,2,,19307;19313;19315;19321;19322;19325;19328;19329;19330;42174;42175;42176;42177;65270;65271,"Balaka, Blantyre, Chikwawa, Dedza, Machinga, Mangochi, Mulanje, Mwanza, Neno, Nsanje, Ntcheu, Phalombe, Salima, Thyolo, Zomba (Adm2)."
2012-9160-TCD,2012,9160,EO-2012-000001,Natural,Climatological,Drought,Drought,,,Chad,TCD,Middle Africa,Africa,"Kanem, Lac Barl el Gazal, Batha Est, Batha Ouest, Hadjer Lamis, Ouaddai, Salamat provinces",Insufficent rains,Food shortage,,,,,,,Km2,,,,,2012,6,,2013,2,,,,1600000,,1600000,,,,,,,84.7304789,1,875;881;12904;12905;12912;12914;12915;12927,,"Barl El Gazal, Batha Est, Batha Ouest, Hadjer Lamis, Kanem, Lac, Ouaddai, Salamat (Adm1)."
2014-9196-BFA,2014,9196,,Natural,Climatological,Drought,Drought,,,Burkina Faso,BFA,Western Africa,Africa,Sahel province,,Food shortage,,,,,,,Km2,,,,,2014,5,,2014,,,,,4000000,,4000000,,,,,,,87.36629784,1,40287,,Sahel (Adm1).
2015-9575-GMB,2015,9575,OT-2015-000021,Natural,Climatological,Drought,Drought,,,Gambia (the),GMB,Western Africa,Africa,"NO DATA: all country selected: Central River, North Bank (mainly?), Kanifing Municipal Council, Lower River, Upper River, West Coast provinces",,Food shortage,,,,,,,Km2,,,,,2015,1,,2015,12,,,,63100,,63100,,,,,,,87.46993221,1,1285;1287;1288;1289;1290;112869,,"Central River, Kanifing Municipal Council, Lower River, North Bank, Upper River, West Coast (Adm1)."
2015-9545-ETH,2015,9545,DR-2015-000109,Natural,Climatological,Drought,Drought,,,Ethiopia,ETH,Eastern Africa,Africa,"Somali, Afar, Oromia, Amhara, Nations du Sud provinces",El Nino,Famine,,,,,,,Km2,,,,,2015,9,,2017,4,,,,10200000,,10200000,,,,,1400000,1600550,87.46993221,1,1228;47679,,"Afar, Somali (Adm1)."
2015-9307-BWA,2015,9307,,Natural,Climatological,Drought,Drought,,,Botswana,BWA,Southern Africa,Africa,All country,"Lack of rain, heat wave",,,,,Yes,,,Km2,,,,,2015,7,,2015,12,,,,,,,,,,,44000,50303,87.46993221,1,654;655;656;657;658;659;660;661;662;663,,"Central, Chobe, Ghanzi, Kgalagadi, Kgatleng, Kweneng, Ngamiland, North East, South-East, Southern (Adm1)."
2013-9146-NAM,2013,9146,DR-2013-000062,Natural,Climatological,Drought,Drought,,,Namibia,NAM,Southern Africa,Africa,"Kavango, Ohangwena, Oshikoto, Kunene provinces",Limited rainfall,Food shortage,,Yes,Yes,Yes,,,Km2,,,,,2013,1,,2014,1,,,,780000,,780000,,,,,64000,74443,85.97164225,1,2141;2143;2144;2148,,"Kavango, Kunene, Ohangwena, Oshikoto (Adm1)."
2014-9231-SOM,2014,9231,,Natural,Climatological,Drought,Drought,,,Somalia,SOM,Eastern Africa,Africa,"Mogasdischio city (Banadir district, Banadir province), Bakool, Gedo, Juba Dhexe, Hiraan, Shabelle Hoose; Puntland, Bari, Karkaar, Sanaag Sool",Short and poorrainy season,Food shortage,Famine,,,,,,Km2,,,,,2014,7,,2017,,,,,535624,,535624,,,,,,,87.36629784,1;2,2689;2694;2695;2697;2698,25672,"Bakool, Gedo, Hiraan, Juba Dhexe, Shabelle Hoose (Adm1). Banadir (Adm2)."
2014-9573-SEN,2014,9573,,Natural,Climatological,Drought,Drought,,,Senegal,SEN,Western Africa,Africa,"Kanel district (Matam province), Podor district (Saint Louis province), Fatick district (Fatick province), Goudomp district (Sedhiou province)",Rainfall deficit,Food shortage,,Yes,,,,,Km2,,,,,2014,9,,2015,4,,,,639702,,639702,,,,,,,87.36629784,2,,1394;25325;47593;47598,"Fatick, Goudomp, Kanel, Podor (Adm2)."
2014-9533-MDG,2014,9533,,Natural,Climatological,Drought,Drought,,,Madagascar,MDG,Eastern Africa,Africa,"Androy, Anosy provinces; Atsimo Andrefana, Menabe provinces (South-West regions)",,Famine,,,,,,,Km2,,,,,2014,11,,2015,2,,,,20000,,20000,,,,,,,87.36629784,1,41754;41755;41756;41767,,"Androy, Anosy, Atsimo Andrefana, Menabe (Adm1)."
2014-9404-KEN,2014,9404,,Natural,Climatological,Drought,Drought,,,Kenya,KEN,Eastern Africa,Africa,"Mandera, Wajir districts (North Eastern province) Turkana, Baringo, Samburu districts (Rift Valley province), Marsabit district (Eastern province)",,,,,,,,,Km2,,,,,2014,1,,2015,5,,,,1600000,,1600000,,,,,,,87.36629784,2,,51352;51363;51364;51377;51389;51392,"Baringo, Mandera, Marsabit, Samburu, Turkana, Wajir (Adm2)."
2015-9444-MWI,2015,9444,DR-2015-000136,Natural,Climatological,Drought,Drought,,,Malawi,MWI,Eastern Africa,Africa,23-25 districts affected (almost all the country): All provinces have been selected,"Late and erratic start to the rainy season, El Nino",Food shortage,,Yes,,Yes,,,Km2,,,,,2015,10,,2017,12,,,,6700000,,6700000,,,,,,,87.46993221,1,1888;1889;1890;65268,,"Area under National Administration, Central Region, Northern Region, Southern Region (Adm1)."
2015-9505-NAM,2015,9505,DR-2015-000130,Natural,Climatological,Drought,Drought,,,Namibia,NAM,Southern Africa,Africa,"Erongo, Hardap, Karas, Kunene provinces (South and Western part of the country)",Low rainfall,Food shortage,,,,,,,Km2,,,,,2015,1,,2016,3,,,,580000,,580000,,,,,60000,68595,87.46993221,1,2138;2139;2140;2143,,"Erongo, Hardap, Karas, Kunene (Adm1)."
2015-9166-NER,2015,9166,,Natural,Climatological,Drought,Drought,,,Niger (the),NER,Western Africa,Africa,"NO DATA: all provinces have been selected: Maradi, Niamey, Tahoua, Tillaberi, Zinder provinces",Climatic conditions and refugees,Food shortage,,,,,,,Km2,,,,,2015,4,,2017,3,,,,2588128,,2588128,,,,,,,87.46993221,1,2205;2206;2207;2208;2209,,"Maradi, Niamey, Tahoua, Tillaberi, Zinder (Adm1)."
2015-9373-SDN,2015,9373,,Natural,Climatological,Drought,Drought,,,Sudan (the),SDN,Northern Africa,Africa,"Southern Kordofan, Blue Nile provinces",,Food shortage,,,,,,,Km2,,,,,2015,8,,2015,8,,,,800000,,800000,,,,,,,87.46993221,1,2749;4150,,"Blue Nile, Southern Kordofan (Adm1)."
2015-9616-SOM,2015,9616,DR-2015-000134,Natural,Climatological,Drought,Drought,,,Somalia,SOM,Eastern Africa,Africa,"Sanaag, Sool, Togdheer, Woqooyi Galbeed, Awdal provinces (Somaliland region), Bari, Nugaal provinces (Puntland region); Karkaar",El Nino,Food shortage,,Yes,,Yes,,,Km2,,,,,2015,8,,2017,5,,,,6700000,,6700000,,,,,,,87.46993221,1,2688;2690;2701;2702;2703;2704;2705,,"Awdal, Bari, Nugaal, Sanaag, Sool, Togdheer, Woqooyi Galbeed (Adm1)."
2016-9050-LSO,2016,9050,OT-2016-000005,Natural,Climatological,Drought,Drought,,,Lesotho,LSO,Southern Africa,Africa,"Qacha’s Nek, Mokhotlong, Thaba Tseka, Quthing, Mafeteng, Butha Bothe, Berea, Leribe, Maseru, Mohale's Hoek provinces","Lack of rains, El NIno",Food shortage,,Yes,,,,,Km2,,,,,2016,2,,2017,1,,,,709000,,709000,,,,,,,88.57345288,1,1803;1804;1805;1806;1807;1808;1809;1810;1811;1812,,"Berea, Butha Buthe, Leribe, Mafeteng, Maseru, Mohale's Hoek, Mokhotlong, Qacha's Nek, Quthing, Thaba Tseka (Adm1)."
2016-9020-MDG,2016,9020,,Natural,Climatological,Drought,Drought,,,Madagascar,MDG,Eastern Africa,Africa,"Ambovombe-Androy, Bekily, Beloha, Tsihombe districts (Androy province), Amboasary-Atsimo, Taolagnaro districts (Anosy province), Ampanihy Ouest, Betioky Atsimo districts (Atsimo Andrefana province)",El Nino,Food shortage,,Yes,,Yes,,,Km2,,,,,2016,1,,2017,1,,,,1140000,,1140000,,,,,,,88.57345288,2,,154531;154532;154533;154534;154535;154537;154538;154542,"Amboasary-Atsimo, Ambovombe-Androy, Ampanihy Ouest, Bekily, Beloha, Betioky Atsimo, Taolagnaro, Tsihombe (Adm2)."
2016-9122-MOZ,2016,9122,,Natural,Climatological,Drought,Drought,,,Mozambique,MOZ,Eastern Africa,Africa,"Magude, Manhiça districts (Maputo province), Massingir, Chibuto, Mabalane districts (Gaza province), Funhaloro, Panda, Govuro districts (Inhambane province), Sofala, Tete",,Food shortage,,Yes,,,,,Km2,,,,,2016,1,,2017,1,,,,2300000,,2300000,,,,,,,88.57345288,1;2,2120;2121,21850;21855;21858;21860;21861;21869;21883;41375,"Sofala, Tete (Adm1). Chibuto, Funhalouro, Govuro, Mabalane, Magude, Manhica, Massingir, Panda (Adm2)."
2013-9478-ZWE,2013,9478,OT-2013-000150,Natural,Climatological,Drought,Drought,,,Zimbabwe,ZWE,Eastern Africa,Africa,"Manicaland, Masvingo, Matabeleland North, Matabeleland South, Mashonaland Central, Midlands provinces","Slow onset of rainy season followed by severe flooding and then long dry spell, El Nino",Food shortage,Water shortage,Yes,,Yes,,,Km2,,,,,2013,1,,2017,1,,,,4300000,,4300000,,,,,500000,581587,85.97164225,1,3437;3438;3441;3443;3444;69549;69550,,"Manicaland, Mashonaland Central, Mashonaland East, Masvingo, Matabeleland North, Matabeleland South, Midlands (Adm1)."
2015-9500-ZAF,2015,9500,,Natural,Climatological,Drought,Drought,,,South Africa,ZAF,Southern Africa,Africa,"KwaZulu-Natal, Free state, Limpopo, Mpumalanga, North-West, Western Cape provinces",El Nino,Heat wave,,,,Yes,,,Km2,,,,,2015,1,,2017,5,,,,2700000,,2700000,,,,,250000,285813,87.46993221,1,2707;2714;77311;77312;77313;77314,,"Free State, KwaZulu-Natal, Limpopo, Mpumalanga, North West, Western Cape (Adm1)."
2016-9065-SSD,2016,9065,,Natural,Climatological,Drought,Drought,,,South Sudan,SSD,Northern Africa,Africa,"Western Bahr El Ghazal, Northern Bahr El Ghazal, Warab, Unity, Upper Nile, Jonglei, El Buheyrat, Western Equatoria, Central Equatoria, Eastern Equatoria provinces",,Famine,,,,,,,Km2,,,,,2016,2,,2016,11,,,,3600000,,3600000,,,,,,,88.57345288,1,2746;2747;2748;2750;2751;2754;2765;2766;2768;37021,,"Central Equatoria, Eastern Equatoria, El Buheyrat, Jonglei, Northern Bahr El Ghazal, Unity, Upper Nile, Warab, Western Bahr El Ghazal, Western Equatoria (Adm1)."
2017-9207-AGO,2017,9207,,Natural,Climatological,Drought,Drought,,,Angola,AGO,Middle Africa,Africa,"Seven provinces in the South (Cunene, Huila, Namibe, Benguela, Cuando Cubango, Cuanza Sul and Huambo)",,Food shortage,,,,,,,Km2,,,,,2017,5,,2017,6,,,,1420000,,1420000,,,,,,,90.46017931,1,399;402;403;404;405;406;413,,"Benguela, Cuando Cubango, Cuanza Sul, Cunene, Huambo, Huila, Namibe (Adm1)."
2016-9452-KEN,2016,9452,DR-2016-000118,Natural,Climatological,Drought,Drought,,,Kenya,KEN,Eastern Africa,Africa,"Kilifi, Kwale, Tana River, Taita Taveta districts (Coast province), Wajir, Mandera districts (North Eastern province), Marsabit, Makueni, Kitui districts (Eastern province), Samburu district (Rift Valley province), Lamu, Baringo, West Poko, Garissa, Tana river, Isiolo, Laikipia, Turkana, Taita Tavetan Makueni, Narok, Embu (Mbeere), Meru, Tharaka Nithi, Nyeri",Poor performance in the long-rain time period,Food shortage,,,,Yes,,,Km2,,,,,2016,6,,2018,1,,,,3400000,,3400000,,,,,,,88.57345288,2,,51340;51341;51345;51346;51349;51351;51352;51363;51364;51389,"Kilifi, Kitui, Kwale, Makueni, Mandera, Marsabit, Samburu, Taita Taveta, Tana River, Wajir (Adm2)."
2017-9468-MDG,2017,9468,,Natural,Climatological,Drought,Drought,,,Madagascar,MDG,Eastern Africa,Africa,"South, South East",,Food shortage,,Yes,,,,,Km2,,,,,2017,1,,2018,12,,,,1260000,,1260000,,,,,,,90.46017931,1,41751;41754;41755;41756;41757;41758;41763;41764;41767;41771,,"Amoron I Mania, Androy, Anosy, Atsimo Andrefana, Atsimo Atsinanana, Atsinanana, Haute Matsiatra, Ihorombe, Menabe, Vatovavy Fitovinany (Adm1)."
2017-9343-MRT,2017,9343,OT-2017-000112,Natural,Climatological,Drought,Drought,,,Mauritania,MRT,Western Africa,Africa,"Brakna, Gorgol, Guidimakha",Lack of rain,Food shortage,,Yes,,,,,Km2,,,,,2017,4,,2017,8,,,,3893774,,3893774,,,,,,,90.46017931,1,2006;2008;2009,,"Brakna, Gorgol, Guidimakha (Adm1)."
2017-9208-NER,2017,9208,OT-2017-000117,Natural,Climatological,Drought,Drought,,,Niger (the),NER,Western Africa,Africa,"Bosso, Diffa, Goudoumaria, Mainé-Soroa, N’Gourti, Loga, Ouallam, Bani-Bangou, Abala, Mayahi, Guidan-Roumji, Tanout, Kaniche",,Food shortage,,,,,,,Km2,,,,,2017,5,,2017,6,,,,1131300,,1131300,,,,,,,90.46017931,2,,22554;22555;22556;22561;22564;22566;22578;22580;22586;22588,"Diffa, Filingue, Guidan Roumji, Loga, Maine-soroa, Matamey, Mayahi, N'guigmi, Ouallam, Tanout (Adm2)."
2018-9191-NAM,2018,9191,,Natural,Climatological,Drought,Drought,,,Namibia,NAM,Southern Africa,Africa,"Hardap, Kavango East, Khomas, Kunene, Ohangewna, Omusati, Omaheke, Zambezi",,Food shortage,,Yes,Yes,Yes,,,Km2,,,,,2018,10,,2020,12,,,,556000,,556000,,,,,,,92.6696698,1,2137;2139;2141;2142;2143;2144;2145;2146,,"Caprivi, Hardap, Kavango, Khomas, Kunene, Ohangwena, Omaheke, Omusati (Adm1)."
2018-9469-MRT,2018,9469,DR-2018-000063,Natural,Climatological,Drought,Drought,,,Mauritania,MRT,Western Africa,Africa,,Irregular seasonal rainfall in 2017,,,Yes,,,,,Km2,,,,,2018,3,,2019,12,,,,350600,,350600,,,,,,,92.6696698,2,,19494;19503;19508,"Barkeol, Maghta Lahjar, Monguel (Adm2)."
2019-9145-KEN,2019,9145,DR-2019-000024,Natural,Climatological,Drought,Drought,,,Kenya,KEN,Eastern Africa,Africa,"West Pokot, Tharaka Nithi, Samburu, Nyeri (Kieni), Marsabit, Mandera, Lamu, Laikipia, Kitui, Kilifi, Isiolo, Garissa, Embu, Baringo, Turkana, Wajir",Two consecutive poor rainy seasons,Food shortage,,Yes,,,,,Km2,,,,,2019,1,,2019,9,,,,2600000,,2600000,,,,,,,94.3490925,2,,51338;51340;51342;51347;51348;51349;51352;51359;51361;51363;51364;51377;51384;51389;51392;51394,"Baringo, Embu, Garissa, Isiolo, Kilifi, Kitui, Laikipia, Lamu, Mandera, Marsabit, Nyeri, Samburu, Tharaka, Turkana, Wajir, West Pokot (Adm2)."
2016-9291-SWZ,2016,9291,,Natural,Climatological,Drought,Drought,,,Eswatini,SWZ,Southern Africa,Africa,"Whole country: Hhohho, Lubombo, Manzini, Shiselweni provinces",El Nino,,,Yes,,Yes,,,Km2,,,,,2016,2,,2017,2,,,,492000,,492000,,,,,,,88.57345288,1,2782;2783;2784;2785,,"Hhohho, Lubombo, Manzini, Shiselweni (Adm1)."
2017-9342-TCD,2017,9342,OT-2017-000114,Natural,Climatological,Drought,Drought,,,Chad,TCD,Middle Africa,Africa,"Chari Baguimi, Guera, Lac, Kanem, Wadi Fira",,Food shortage,,,,,,,Km2,,,,,2017,3,,2017,5,,,,1886800,,1886800,,,,,,,90.46017931,1,870;873;875;12910;12915,,"Baguirmi, Biltine, Guera, Kanem, Lac (Adm1)."
2017-9580-CPV,2017,9580,,Natural,Climatological,Drought,Drought,,,Cabo Verde,CPV,Western Africa,Africa,,Lack if rainfall,Food shortage,,Yes,,,,,Km2,,,,,2017,11,,2017,12,,,,70000,,70000,,,,,,,90.46017931,,,,
2017-9088-ZWE,2017,9088,,Natural,Climatological,Drought,Drought,,,Zimbabwe,ZWE,Eastern Africa,Africa,,Erratic rainfall and prolonged drought conditions exacerbated by El Niño disrupted the 2015/2016,Famine,,Yes,,,,,Km2,,,,,2017,2,,2020,3,,,,6900000,,6900000,,,,,,,90.46017931,,,,
2017-9211-ZAF,2017,9211,,Natural,Climatological,Drought,Drought,,,South Africa,ZAF,Southern Africa,Africa,"Cap town, Cap occidental, Cap oriental, North Cap.",,,,,,Yes,,,Km2,,,,,2017,5,,2018,6,,,,,,,,,,,1200000,1326551,90.46017931,1,2714;77310;77315,,"Eastern Cape, Northern Cape, Western Cape (Adm1)."
2019-9109-SOM,2019,9109,,Natural,Climatological,Drought,Drought,,,Somalia,SOM,Eastern Africa,Africa,"Awdal, Woqooyi Galbeed, Togdheer, Sanaag, Sool, Nugaal, Bari regions",Dry conditions,Food shortage,,,,,,,Km2,,,,,2019,2,,2019,10,,,,1500000,,1500000,,,,,,,94.3490925,1,2688;2702;2703;2704;2705,,"Awdal, Sanaag, Sool, Togdheer, Woqooyi Galbeed (Adm1)."
2019-9619-BWA,2019,9619,,Natural,Climatological,Drought,Drought,,,Botswana,BWA,Southern Africa,Africa,Botswana’s Okavango Delta,,Food shortage,,,,Yes,,,Km2,,,,,2019,,,2019,12,,,,38000,,38000,,,,,,,94.3490925,1,660,,Ngamiland (Adm1).
2020-9206-AGO,2020,9206,DR-2021-000149,Natural,Climatological,Drought,Drought,,,Angola,AGO,Middle Africa,Africa,"Cunene, Huila, Namibe, Cuanza Sul, Benguela, Huambo",Strong dry spell,Food shortage,,,,,,,Km2,,,,,2020,12,,2022,2,,,,1580000,,1580000,,,,,,,95.51296742,1,399;403;404;405;406;413,,"Benguela, Cuanza Sul, Cunene, Huambo, Huila, Namibe (Adm1)."
2020-9235-BFA,2020,9235,,Natural,Climatological,Drought,Drought,,,Burkina Faso,BFA,Western Africa,Africa,,,Food shortage,,,,,,,Km2,,,,,2020,,,2020,6,,,,2900000,,2900000,,,,,,,95.51296742,1,40276;40277;40278;40279;40280;40281;40282;40283;40284;40285;40286;40287;40288,,"Boucle Du Mouhoun, Cascades, Centre, Centre-est, Centre-nord, Centre-ouest, Centre-sud, Est, Hauts-bassins, Nord, Plateau Central, Sahel, Sud-ouest (Adm1)."
2019-9619-LSO,2019,9619,,Natural,Climatological,Drought,Drought,,,Lesotho,LSO,Southern Africa,Africa,,,,,,,Yes,,,Km2,,,,,2019,,,2019,12,,,,433000,,433000,,,,,,,94.3490925,,,,
2020-9424-MDG,2020,9424,DR-2020-000231,Natural,Climatological,Drought,Drought,,,Madagascar,MDG,Eastern Africa,Africa,"Betioky, Ampanihy, Tuléar II, Amboasary and Bekily districts, Anosy, Androy, Atsimo Andrefana.",Insufficient rainfall,Food shortage,Famine,,,,,,Km2,,,,,2020,1,,2021,3,,,,1300000,,1300000,,,,,,,95.51296742,2,,154532;154535;154538;154542;154546,"Amboasary-Atsimo, Ampanihy Ouest, Bekily, Betioky Atsimo, Toliary-II (Adm2)."
2020-9396-LSO,2020,9396,,Natural,Climatological,Drought,Drought,,,Lesotho,LSO,Southern Africa,Africa,,Prolonged dry spells and negative economic impacts of COVID-19,Food shortage,,,,,,,Km2,,,,,2020,9,,2020,11,,,,766000,,766000,,,,,,,95.51296742,,,,
2020-9569-MLI,2020,9569,,Natural,Climatological,Drought,Drought,,,Mali,MLI,Western Africa,Africa,"Ménaka, Gao, Mopti, Kidal, Koulikoro and Ségou",,Food shortage,,,,,,,Km2,,,,,2020,,,2020,12,,,,6800000,,6800000,,,,,,,95.51296742,1,1927;1930;1931;1932,,"Gao, Koulikoro, Mopti, Segou (Adm1)."
2020-9586-MOZ,2020,9586,,Natural,Climatological,Drought,Drought,,,Mozambique,MOZ,Eastern Africa,Africa,,,Food shortage,,,,,,,Km2,,,,,2020,10,,2020,12,,,,2700000,,2700000,,,,,,,95.51296742,,,,
2020-9538-MRT,2020,9538,,Natural,Climatological,Drought,Drought,,,Mauritania,MRT,Western Africa,Africa,"Tagant, Guidimakha, Assaba, Gorgol, Hodh El Charghi",,Food shortage,,,,,,,Km2,,,,,2020,6,,2020,11,,,,609180,,609180,,,,,,,95.51296742,1,2005;2008;2009;2010;2014,,"Assaba, Gorgol, Guidimakha, Hodh Ech Chargi, Tagant (Adm1)."
2020-9570-NER,2020,9570,,Natural,Climatological,Drought,Drought,,,Niger (the),NER,Western Africa,Africa,"Diffa, Tahoua, Zinder, Maradi, Agadez, Tillabéri regions",,Food shortage,,,,,,,Km2,,,,,2020,,,2020,12,23,,,3700000,,3700000,,,,,,,95.51296742,1,2202;2203;2205;2207;2208;2209,,"Agadez, Diffa, Maradi, Tahoua, Tillaberi, Zinder (Adm1)."
2021-9546-ETH,2021,9546,DR-2021-000121,Natural,Climatological,Drought,Drought,,,Ethiopia,ETH,Eastern Africa,Africa,"Tigray, Afar and Amhara",,Food shortage,,,,,,,Km2,,,,,2021,5,,2022,2,,,,5500000,,5500000,,,,,,,100,1,1228;1229;1237,,"Afar, Amhara, Tigray (Adm1)."
2021-9152-KEN,2021,9152,DR-2021-000054,Natural,Climatological,Drought,Drought,,,Kenya,KEN,Eastern Africa,Africa,"Marsabit, Mandera, Garissa, Wajir, Kilifi, Tana River, Makueni, Lamu, Samburu, Kitui, Isiolo and Laikipia",,Food shortage,,,,,,,Km2,,,,,2021,3,,2022,3,,,,2100000,,2100000,,,,,,,100,2,,51340;51342;51346;51348;51349;51351;51352;51361;51363;51364;51384;51389,"Garissa, Isiolo, Kilifi, Kitui, Laikipia, Lamu, Makueni, Mandera, Marsabit, Samburu, Tana River, Wajir (Adm2)."
2018-9491-SEN,2018,9491,,Natural,Climatological,Drought,Drought,,,Senegal,SEN,Western Africa,Africa,Northern regions,,Food shortage,,Yes,,,,,Km2,,,,,2018,4,,2021,12,,,,320000,,320000,,,,,,,92.6696698,,,,
2019-9667-ZMB,2019,9667,OT-2019-000132,Natural,Climatological,Drought,Drought,,,Zambia,ZMB,Eastern Africa,Africa,"Southern, Western and parts of Lusaka, Eastern and Central provinces",,Food shortage,,,,,,,Km2,,,,,2019,,,2020,12,,,,1430000,,1430000,,,,,,,94.3490925,,,,
2019-9619-SWZ,2019,9619,,Natural,Climatological,Drought,Drought,,,Eswatini,SWZ,Southern Africa,Africa,"Shiselweni, Lubombo and Hhohho regions",,,,,,,,,Km2,,,,,2019,,,2019,12,,,,232000,,232000,,,,,,,94.3490925,1,2782;2783;2785,,"Hhohho, Lubombo, Shiselweni (Adm1)."
2019-9598-ZAF,2019,9598,,Natural,Climatological,Drought,Drought,,,South Africa,ZAF,Southern Africa,Africa,,,,,,,,,,Km2,,,,,2019,1,1,2019,12,31,,,750000,,750000,,,,,135000,143086,94.3490925,,,,
2021-9152-SOM,2021,9152,DR-2021-000054,Natural,Climatological,Drought,Drought,,,Somalia,SOM,Eastern Africa,Africa,"Gedo; Las Anod / Hudun and Taleb (Sool), Eilafwen (Sanaag), Odwein and Ainabo (Togdheer), Luqbaya / Zeila (Awdal) Somaliland state; Goldogo (Mudug); Ishkushuban (Bari), Puntland state; Nugaal",,Food shortage,,,,Yes,,,Km2,,,,,2021,3,,2022,3,,,,5600000,,5600000,,,,,,,100,1;2,2694;2701,25655;25656;25665;25706;25714;25716;25717,"Gedo, Nugaal (Adm1). Caynabo, Ceel Afweyn, Galdogob, Iskushuban, Laas Caanood, Lughaye, Zeylac (Adm2)."
2021-9148-ZAF,2021,9148,,Natural,Climatological,Drought,Drought,,,South Africa,ZAF,Southern Africa,Africa,,,Food shortage,,,,,,,Km2,,,,,2021,3,,2021,3,,,,12000000,,12000000,,,,,,,100,,,,
2021-9787-ZMB,2021,9787,DR-2021-000170,Natural,Climatological,Drought,Drought,,,Zambia,ZMB,Eastern Africa,Africa,"Southern, Western, Central, Copper Belt, Eastern, Luapula, Lusaka, Muchinga, North western and Northern provinces",,Food shortage,,,,,,,Km2,,,,,2021,7,,2021,11,,,,1180000,,1180000,,,,,,,100,1,3426;3427;3428;3429;3430;3431;3432;3433;3434,,"Central, Copperbelt, Eastern, Luapula, Lusaka, North-Western, Northern, Southern, Western (Adm1)."
2021-9786-ZWE,2021,9786,DR-2021-000168,Natural,Climatological,Drought,Drought,,,Zimbabwe,ZWE,Eastern Africa,Africa,"Matabeleland South, Manicaland, Masvingo,","Covid 19 pandemic, crop pests, food insecurity, and livestock diseases",Food shortage,,,,,,,Km2,,,,,2021,8,,2022,2,,,,167000,,167000,,,,,,,100,1,3437;3441;3443,,"Manicaland, Masvingo, Matabeleland South (Adm1)."
2021-9639-SSD,2021,9639,DR-2021-000065,Natural,Climatological,Drought,Drought,,,South Sudan,SSD,Northern Africa,Africa,"Aweil South (Northern Bahr el Gazzal State), Aweil East (Northern Bahr el Gazzal State), Gogrial West (Warrap State); Tonj South (Warrap State):",,Food shortage,,,,,,,Km2,,,,,2021,,,2021,9,,,,18000,,18000,,,,,,,100,2,,37077;37127;37129,"Aweil, Gogrial, Tonj (Adm2)."
